{"homebrew_version":"1.7.7-53-ga2074f0","used_options":[],"unused_options":[],"built_as_bottle":true,"poured_from_bottle":true,"installed_as_dependency":false,"installed_on_request":true,"changed_files":["INSTALL_RECEIPT.json"],"time":1575363295,"source_modified_time":1539353851,"HEAD":null,"stdlib":"libcxx","compiler":"clang","aliases":[],"runtime_dependencies":[],"source":{"path":"/usr/local/Homebrew/Library/Taps/homebrew/homebrew-core/Formula/chisel.rb","tap":"homebrew/core","spec":"stable","versions":{"stable":"1.8.1","devel":"","head":"HEAD","version_scheme":0}}}